soil_type,temperature,rainfall,ph,humidity,suitable
sandy,20.275481725226925,160.8908961769488,6.519379527572071,40.699318949279146,0
clay,36.80185354543069,163.68297009252495,6.6732020934531535,94.58284702692086,0
sandy,29.018717910474667,187.27589117355143,6.555983471234899,76.93002141920539,1
sandy,29.708794071201126,195.23300444092234,6.852233512360317,57.43073625397197,1
clay,32.31134784916654,295.9411459600527,4.617577783026029,88.3597762998811,0
clay,31.08532095901845,174.33448974331992,6.082060679396061,54.21373911604999,1
sandy,36.99004888209363,206.42259367917242,6.924754854244686,69.92091185505134,0
loam,36.99652874825301,248.74351650378412,6.890894261023457,74.98389200514038,0
sandy,35.60958080399007,181.9860058088457,7.671824378422526,52.158485429955064,0
sandy,31.455264754028203,305.8724995889299,7.120037355328434,93.81185033403278,1
sandy,34.41708730428319,238.61247314320008,8.468533265362689,81.15055482884486,0
sandy,32.18903016289367,159.39206338966233,5.6354181144345805,70.67972740310884,0
clay,30.3206067500948,272.79598394325365,5.936604118664926,49.93270289964155,1
sandy,22.313006358210384,222.46488713909218,6.0353886074711856,42.962201384891436,1
loam,34.601675181248055,224.30309063945666,6.363251228080994,57.60329078865409,0
clay,34.771510563391196,209.8937460646482,7.843992255124838,81.42530347523716,0
loam,31.26691406182831,214.19322618173723,5.443168375836839,54.813221406611376,0
loam,34.767683187882824,286.64619588788497,7.604000828141718,69.67559212725278,0
loam,31.726725893440182,107.80499941945519,6.121240732342974,80.03709472019088,0
loam,23.72031847778142,170.2779590538302,6.907421534648034,45.93690430555554,1
clay,24.93130029178041,100.3859082270501,7.030162132905224,77.69139088637303,0
clay,23.862604154750734,283.37647960181175,5.991394548755737,45.05289882405246,1
loam,26.790663498103566,153.52150077448084,6.55046082082322,93.08213581698482,1
loam,20.701336381584206,322.30621065109875,6.152124698590788,66.86167715357168,0
clay,31.12856991808207,222.17618599800932,4.776531144746478,48.28718592404326,0
clay,26.057975867997076,296.20243830125264,6.248661555267306,58.83109998184506,1
clay,31.80300743685336,344.31148761630953,4.889573570214209,62.73790471123938,0
sandy,26.93713917738017,306.74299205327407,6.120083196321286,81.70017560920955,1
sandy,32.269046041510215,314.08831520311134,6.871673599327128,80.88830823421351,0
sandy,26.131242250356323,190.15581374850808,6.8176595973740035,73.65672779355322,1
loam,24.692501508246256,228.96510072002172,7.150485116033281,45.826189190717116,1
sandy,28.92867417728131,148.54991229169215,4.881046031818505,48.33631543732205,0
loam,32.47202645645491,132.95053691723226,7.108492982121751,45.156630635505614,0
loam,26.270058880157553,216.48712735862912,5.748592226785789,71.74450308081525,1
sandy,36.85966673340273,240.66322451911356,6.096183784548444,88.24261428312721,0
loam,20.70535388016163,171.60323639197156,7.9319450156908236,63.85902817401245,0
sandy,27.523028570880417,233.7497497961451,4.5361216165182014,48.84664956767604,0
sandy,37.416449927364454,319.6143302786458,6.853650533362422,70.69232788319319,0
clay,29.86349389846557,230.31482789150886,6.89485592040043,84.64637192761404,1
sandy,27.622476961546134,274.61953600383674,6.086639105374248,80.79416338321116,1
clay,30.23336510749925,297.4350411866344,5.448111428433345,88.47979288212618,0
sandy,30.36664235464552,346.95677112796955,5.438696153046204,55.28461534868773,0
sandy,33.169659595393526,242.8632985877845,8.03483867864301,50.667462699727615,0
clay,22.29841512960438,297.84954021989824,6.26809749513143,88.38990672680663,1
clay,24.500296085889886,339.91531600981614,5.823557451956688,76.16581720279126,1
sandy,30.449792222190375,334.9906259058638,6.295110295325612,57.10109115041548,1
loam,35.608098929775,118.09209916998267,7.177561605837445,80.829142781488,0
clay,30.113600458587925,189.72592323385095,5.083026272979007,84.83151114642024,0
loam,24.294743476226124,167.4773164988359,6.297735340854951,73.82380321876228,1
loam,32.23720603820443,103.46975403659431,6.851537484441548,77.83362604339533,0
loam,33.31835768805274,250.97500922595935,8.294333419405735,60.63929474434665,0
clay,24.28825074327163,278.6942455629206,5.510111128301677,69.62826170386715,1
loam,26.799119951173306,308.99458577605856,5.937002991664983,68.82875438993892,1
clay,29.61789452355014,113.1497602089313,6.017434359689695,86.64262851219246,0
loam,28.938101432295397,316.63990048632934,6.922152630579531,86.19801891552004,1
sandy,27.013125551945663,253.58990217584838,5.926928212160007,85.79742581408738,1
sandy,25.357433141167597,270.06545648739757,6.634047701198782,40.60673878443562,1
clay,21.79972796891354,325.8684809558821,7.627161319380118,81.22500164578885,0
sandy,20.96273534145264,248.6855431816778,7.321542376448814,81.72720145610526,0
sandy,37.25374694389757,170.68378143045547,6.285474586050342,77.3108352570328,0
loam,35.248576593720614,302.77897948411817,7.956864710696676,81.5945561840299,0
clay,26.38829342832897,178.02598729267444,6.732560998375451,86.30837043231898,1
loam,37.22241593227621,89.24158992154287,6.65962335800885,65.86754797559821,0
loam,32.18185827963746,304.2767167726174,4.636751063756632,67.61276174186459,0
loam,28.685377093567567,173.20187911794443,8.446771921428645,46.859273130126475,0
loam,28.87446183989249,288.93532126436185,4.991883234118507,61.1956735676049,0
loam,21.499119401514672,177.94463155980526,5.424523649710586,75.38508489514814,0
loam,21.65067465065266,312.48836539317483,4.706787348966108,82.9219876881001,0
loam,30.84393666622014,139.26784177185885,7.060011867347654,51.946500373016576,0
clay,29.966654942224416,343.12776160369486,5.39880470789072,47.58025945375795,0
sandy,23.82910211043612,290.5348691927683,5.220041749890894,76.46731024752708,0
loam,37.031501771870424,110.84423999850715,4.854222336892965,40.10339359387009,0
loam,34.063328908481644,232.75968739097132,4.913235828496063,49.81049213690314,0
loam,22.042362836314062,346.04917430526837,6.838682801770355,41.59892591891746,1
loam,36.75672390237126,207.18767222732987,7.252831463466382,49.1786814820179,0
loam,37.536467753619384,129.16892748182747,6.089515953857604,49.97256039590279,0
loam,37.92676235654592,210.89015913059347,6.419588326368293,61.32204771127168,0
sandy,21.0056807841923,218.36356708811883,7.243870943931936,62.12799185776058,0
sandy,33.26664002223816,280.2554749417397,4.569519160741919,88.08443588356307,0
loam,29.826483862969802,268.6883803534442,5.792522628281114,68.05603418743539,1
sandy,32.7049667098165,188.68851177118475,8.392390992281385,79.78726210867575,0
clay,37.43573499153443,138.86623902340335,6.820448918781873,45.72755468561581,0
loam,32.384540183150705,254.16462529771894,5.5168983195899735,52.399131550503164,0
clay,35.06534973627273,193.8600623293861,6.586920186544853,78.66188925382723,0
clay,35.60363669559514,115.7145770038392,5.870613952483661,42.904217825769045,0
loam,35.09265374775173,323.15452133382416,6.628979955305196,66.76287142340642,0
sandy,27.669646550844938,266.6299015546067,5.002966047226595,72.96529311146136,0
clay,24.00637551627855,264.45964124028,5.0308586152771095,73.11801042288646,0
loam,27.139728835176534,302.0976464961519,5.074169448157571,41.26130461974231,0
clay,36.05414435798198,223.00865323687188,8.259279167707367,57.715940232605206,0
clay,22.63888679045646,300.06469566866343,7.431595673365367,75.00698580770347,1
clay,29.23987103646307,214.48450344797155,5.149527578649284,48.19498548820839,0
clay,24.1981053036415,98.13735797724172,5.253396335062406,78.24786065804292,0
sandy,30.46349751008208,189.41698376747595,7.423317899483505,81.0258864847521,1
clay,35.53649339580207,214.31552137457047,5.124655379168695,94.00830547453799,0
clay,35.8464794354915,274.45469704071985,5.438245173339315,51.54130971710252,0
clay,24.260333486277418,108.77625713474208,8.353387331281596,85.38218672163634,0
sandy,36.338486714273834,117.80500543832123,5.521226098913727,68.61631173052598,0
clay,30.653997298783118,151.19462671134644,7.146529401484587,60.540442787929535,1
clay,26.303928440605645,151.95456621013818,8.414525149602122,46.73072165288479,0
sandy,32.747261520497595,277.68983618394685,5.997187068559171,80.45280835681456,0
sandy,28.67000578335408,147.69727835163138,4.5700639634482485,52.972167952902794,0
sandy,26.80377662220058,250.93647710651084,5.476589161689497,60.42821010301752,0
clay,32.691518557339876,213.45393953733327,7.823508765366822,43.439822479355264,0
sandy,24.477034779745182,234.78948210843816,7.958435343820147,84.07518037007355,0
sandy,25.944545522343773,306.28888005813985,7.574077458095164,82.16236881844038,0
clay,27.820133200788884,189.18300541823658,4.952439276306292,80.34887065232718,0
sandy,24.5662791297165,288.146071807353,7.682041486785613,56.469393077053766,0
clay,27.29363756206551,193.9497360786856,8.174711187974017,49.54140408462765,0
loam,30.28651445369019,175.54527167153736,6.902438170184944,75.06542954586263,1
sandy,33.33752949639203,338.82933787456955,8.26350142535226,67.28915112622707,0
loam,33.809507355954295,129.78014858332006,7.80735553484751,49.80388567975529,0
clay,34.81022633378048,104.39097935595413,7.167886067963629,77.72511990774251,0
sandy,33.39580982497937,288.1661998945792,6.808740946846992,94.5119537501717,0
clay,32.258709687744364,98.42742044560472,5.894294668967882,81.09707732581208,0
loam,24.27511648326446,306.011327489818,5.137149780971221,80.69925126770865,0
clay,27.204012071696447,198.04221701645577,6.919815690762164,92.26720141118254,1
sandy,28.5988680358441,327.1886928688168,5.7724462144724775,51.16150021661962,1
sandy,21.492043790480377,274.8138725029145,7.965754670110582,71.10524807067922,0
loam,29.510662183349766,244.80926009214855,8.473347749434513,93.8805693268636,0
clay,27.854044968918007,336.31283520559674,7.50971105046229,49.0911761033596,0
sandy,34.437966482481215,187.09533072405463,4.8619267811482025,78.51385776944866,0
loam,37.60221203757688,337.60347286570095,5.654742382122553,72.2195580284546,0
sandy,30.008090695566523,116.45034490372586,4.9364385270629985,72.25635007037889,0
sandy,25.808354988996506,210.61383432175145,7.102046591166863,78.37188451360413,1
clay,20.78121409936711,152.8760300458926,7.560763458223139,91.12893075816262,0
sandy,36.64357994402473,225.75755030521222,8.202699323522847,83.04200669182359,0
clay,36.544082875015874,123.74374703072785,6.252689385647951,43.08748568789155,0
sandy,24.55382302380634,307.2130082837117,8.105502598353777,86.90004109316412,0
loam,32.51740021591966,308.53011931493046,8.01156463616531,52.40477314591529,0
sandy,21.357821847615845,337.91380443533933,5.768782867061594,60.73027906050046,0
clay,22.991877774366554,121.76147803847378,7.975602502162284,65.39530474868101,0
clay,23.902563918556844,248.2997887443475,6.0026890075269055,66.44983004141883,1
loam,25.300891043109736,208.0440733490998,5.687477098241123,63.93492195904462,1
sandy,37.92496475052867,172.98360765194298,7.096298635177572,91.55443118187254,0
sandy,32.544651005548666,174.91584350623907,5.813524911540324,78.83104542152135,0
loam,26.91563296482596,191.4542586638231,7.020834993316576,74.71438552761884,1
sandy,33.26781270517435,270.32989841601733,6.939327221994779,42.741311528061786,0
sandy,36.47457815004391,241.53723573240174,6.753755709393835,89.71523316432061,0
clay,37.25664333334123,204.11400844550542,6.021678816931191,90.0164605604618,0
sandy,21.04155015963873,100.50202079979796,6.6939988866059075,82.91171848865562,0
sandy,27.101392374946336,100.99664290131841,6.885941899941686,40.386606209749054,0
loam,21.92160918684592,80.63163546896013,6.682747553981894,43.15041380926928,0
loam,26.041881166345338,341.27883481591334,6.277677811004806,52.387303624766936,1
clay,23.05423827012018,81.41853101076393,4.558668228185056,47.22421744796987,0
sandy,31.643270510037027,107.83531142371112,6.848246830804603,61.93598163370512,0
sandy,26.9888309118177,164.94107033854095,5.173777540570878,90.74426819482844,0
sandy,24.129105422689094,298.0061679905255,7.070303875788758,65.9633238808349,1
clay,24.7868826493563,339.76667215631176,7.537377311691464,40.73714445376911,0
clay,26.48621171369483,293.30366087380116,6.501781236522966,55.55101292683191,1
loam,24.679097531376726,266.45126276032295,6.669454659918953,42.45271996051289,1
clay,28.15833524291896,220.75118020166374,8.305914238663965,41.995819243742616,0
sandy,20.581687119973708,103.41040720278957,7.888669445490297,55.164591920255376,0
sandy,25.035743129041023,338.7061141110612,8.15694606380588,55.158678627342,0
clay,27.40172097569935,284.76595176533397,7.755065153278346,83.29196314308822,0
sandy,30.850073876419373,252.51633404025068,4.935673367386926,93.61590590296115,0
sandy,24.87723756527234,284.93967829548944,5.095967423880779,60.416390163949906,0
clay,22.397332254027496,275.50789890374745,6.606495189075838,63.58877833735713,1
clay,21.371606832784938,252.05252654316146,5.484278635191993,86.46341899573119,0
sandy,36.9295728884369,344.7557360485968,6.406781900164637,54.74764610525324,0
sandy,27.499503039292627,323.9082294117267,6.077461295273401,48.60099924218964,1
sandy,30.460927181254874,254.5995281616341,6.697656953721813,86.91992928720077,1
loam,36.54517793304007,267.1573070933697,7.487502864543291,42.5575322542036,0
loam,21.48947156063551,93.9308677978517,7.361963628397097,74.08346921096786,0
loam,35.77990674666427,260.87771542851056,6.584936529941338,70.90960661067437,0
clay,29.928581705793263,91.92466818172704,7.789573675268232,59.025624612593184,0
loam,22.96701670046602,238.83121438188138,6.223448366152134,57.33542366035475,1
clay,27.402592098536644,349.8254448827754,8.08685715936049,82.45217493998916,0
clay,33.99684110723406,230.0677769880385,4.785121080220655,44.753353591940055,0
loam,28.646661473594385,207.76673188196003,8.31864012013323,53.0231370121262,0
loam,37.73514891197908,164.47081125650863,7.118772325725393,80.28468025109494,0
loam,26.781301458882933,112.5410962723454,6.020298035748821,70.15763210495334,0
sandy,33.4924093995693,277.37639129373605,5.288616506291509,47.03935146934725,0
loam,27.073810081619463,132.00173750212022,6.4167329177744,88.5174587855133,0
sandy,34.92495597271726,111.12614573676677,5.278233292741204,61.639631560997536,0
clay,30.243466444983458,193.87591812723838,5.165326430972568,85.53276064271951,0
sandy,21.143212932620024,294.74229624895634,6.969407029651897,83.32421585402398,0
loam,20.662793617447846,281.16742799245947,6.592338898327139,74.34339955594504,0
clay,22.409338138411396,94.81830595454824,7.180384138443767,67.19646222123012,0
clay,20.24609536688595,202.88879495976215,8.218423509687957,93.87529622099663,0
clay,21.35646308634432,221.05733553921561,6.629040853356161,47.97307898088994,0
sandy,32.45085914904042,254.027595668972,6.823728213051191,79.88356501531132,0
loam,29.618232950530334,255.5451846196716,4.8585053566197685,50.5154885805634,0
clay,33.49839349045949,178.46825735347258,7.370543143634518,58.60447079327916,0
clay,36.43698354063757,231.38284238094877,6.099620827216625,56.97843088552574,0
clay,30.532691581858494,209.88670863790333,8.406900954650315,92.08697932562976,0
sandy,33.07017519329327,318.9495562612859,7.792696062382641,93.20458977835514,0
sandy,33.62746163676421,223.17158581142306,6.589924162064474,50.06584943290999,0
loam,26.801309886964155,199.07868367200365,4.992890616688664,41.21193381636273,0
sandy,24.339526981933375,189.2110714140997,7.937663173122356,79.60044218147122,0
clay,23.690815913117447,234.55549504703575,7.699124381696087,62.989446362876635,0
loam,24.525963911212372,297.07378443824234,5.2383405181481315,44.88621347981604,0
clay,24.945172346466357,225.36840240281265,5.68111315688124,77.60647580673734,1
clay,23.730097682145015,258.6468972717462,7.673629032591349,69.98080405433848,0
sandy,35.80797201462546,279.22105706476174,5.240913786189639,93.92842521006082,0
loam,33.62598437910012,220.4453896672576,8.17100995668551,52.50752227237584,0
sandy,20.84413642024196,195.24060529681338,6.198109700785448,62.21878319796015,0
sandy,24.836104676455534,316.69965202286136,4.848155850350635,69.84001918674826,0
loam,20.39932535654543,192.72664268753087,7.762994574017124,83.54349936493435,0
clay,28.966973359626074,204.72456965540863,5.99403873215355,70.18612611960323,1
clay,28.571792542202253,347.39215460227985,6.6059967766151235,73.7095088474072,1
loam,34.96468682112502,80.06413136548883,4.949217377644876,52.438087837446744,0
clay,25.53999031587889,130.07768558571507,4.510336059379929,86.58053004487078,0
loam,34.69494323383512,183.67025027832597,7.05194082317319,63.574680083376165,0
loam,37.42352777791682,331.7992755448183,6.560700681334927,47.75277951369731,0
sandy,21.591348020581638,98.90802055181717,6.874154276492589,76.53033529779796,0
loam,34.25272111045339,82.56106707969448,7.674975401522065,51.88497492519191,0
sandy,30.61920614847745,94.22463571385171,7.0864236536914404,45.36593806316149,0
clay,28.64082740633255,103.9067208656769,5.199093771309508,87.40927996223498,0
clay,27.569644015971353,90.15112876569043,5.943090076442399,65.30892454686418,0
clay,34.124028750997574,209.54095825125628,8.123564419151041,81.2106041982677,0
clay,31.508504425536362,236.80444595137848,7.579778801006716,55.98231578934953,0
sandy,34.490804015348516,153.3554821886311,6.726548231746869,83.28335742047165,0
clay,36.25671905617927,187.5375936734216,5.522579991237089,46.15647598618417,0
loam,31.110746817751256,104.75882048008614,5.70824200733918,59.5785355587169,0
loam,37.6483290516628,170.82002523367396,7.427832270342538,93.79339998854407,0
loam,30.945581291753932,221.08018174132124,7.904697043411083,83.66943440024033,0
sandy,31.459597789201087,277.7133879398542,7.185698678122458,67.34907616730786,1
clay,29.986680953760064,80.9035177516044,7.738119903073767,58.68776093590368,0
clay,21.638037638923944,206.1739069651662,7.566624540801624,87.96746350123621,0
clay,33.07514658770411,160.1907766428182,5.098815871827831,69.96662674964836,0
sandy,29.854033524184008,310.26189185681335,6.195779251653208,81.71337598280111,1
loam,28.116388053489878,273.1993951132453,5.111935203314251,81.47592241738903,0
loam,36.38848301125891,239.05930430714162,5.44094233920794,40.98701232126705,0
clay,25.363270127755108,154.86172433812885,7.977038498604211,46.94395805359374,0
loam,29.424840968270203,325.79155755553427,6.391567862532728,76.27961515171083,1
loam,32.55755368688234,92.17718284948725,6.641432407370644,48.88908962072293,0
sandy,34.33649196212979,109.5562516433611,5.2137838609110885,54.052133956058256,0
sandy,28.268242543031104,185.74013794589615,5.749087144195184,92.06508748097839,1
sandy,35.157645470336774,113.59814047015121,5.42098467371148,70.81002421062016,0
sandy,33.84051934367716,338.23223834104476,5.324744658073706,81.29012288496409,0
clay,21.192247601333584,295.45711697871354,7.05184317326388,70.68894063304519,0
sandy,20.82550279528339,149.9253159324897,5.527535390582859,70.38824881304988,0
loam,31.174502319597643,238.90964182277625,7.028061944081674,45.17835505691338,1
clay,26.253441348057457,345.22923907162203,4.733818456434216,58.90147559350066,0
loam,23.764354239413255,318.7337240955058,5.067097574108407,55.533699427758144,0
loam,30.43369882049129,242.21558053939347,5.5981610160005015,61.49006010874873,1
loam,26.14813778821781,324.00547113732307,6.888187667582766,83.90893035233805,1
sandy,29.67074150085326,347.07992564960693,7.2033649803495035,60.45629673542757,1
sandy,28.282144861704296,280.7052621812785,6.270867867118108,64.84332505774255,1
clay,30.525789907084764,97.54633056038139,6.283163658308916,61.855976476692405,0
clay,27.205408800385065,188.4266638348816,7.398067405594473,45.137438458641256,1
sandy,32.558016326544774,306.2129485264763,4.56328436706233,64.2589687037931,0
loam,23.241210902287374,142.25368286735514,5.864360097896882,50.75851001744833,0
clay,32.53702639208742,304.27347979266864,7.774828228476931,50.26978126751728,0
sandy,27.409901858435507,112.4914657494489,6.912877640853489,45.17198574388465,0
sandy,35.737716887379506,92.6752464299095,5.8489085310216815,59.61690357779706,0
sandy,29.274248987555794,183.70446510263739,8.122099169318695,81.66150366341796,0
loam,37.515986286861875,89.91762310518568,7.590490909797531,55.204292982086784,0
sandy,30.834837119737283,338.46297100549793,5.559581788946934,57.17920060370325,1
sandy,24.02928318631377,303.07553786437074,7.081159350102867,75.3471061719833,1
sandy,34.79223146320008,296.2078155250663,6.883002912755827,50.77124469228054,0
sandy,26.21148730080296,250.04003920896133,6.104751656155931,89.33268617329439,1
clay,26.257145860688304,138.40748621986944,5.967824316819202,68.6104787788355,0
clay,20.57248426673297,219.9302990026259,5.874241899102816,64.61816171761194,0
sandy,29.876875565733357,241.2639995561921,6.968623133582588,70.68011055610607,1
loam,29.619623067185415,221.7585052322724,6.269639745922678,49.13188723789075,1
clay,26.40784671689575,150.26300934691238,7.827452453005688,73.7410226251547,0
sandy,36.09591073212666,219.11693956497598,7.1784104645358475,59.97054051487058,0
clay,22.317471169393592,212.62031203452918,4.7797264228377365,89.34524875305404,0
clay,25.9417912395828,349.0106594678156,7.060672895312664,49.28698136727274,1
loam,25.788489764240524,322.3077599724751,5.58458974600074,67.88781071259926,1
sandy,21.66123055211743,205.1128020182174,6.871247966613691,72.896194615296,0
sandy,28.66061709301328,248.19309339248204,7.220527724413806,41.836098098250964,1
loam,32.380124907729495,281.9253331049017,5.423316756616048,60.003121861587715,0
loam,29.209826243850703,89.41359326313273,6.327434579521475,80.2949379085458,0
sandy,22.825598288891488,321.6287891315168,5.261299451276271,85.12076290969352,0
sandy,26.79114737435731,312.23424043283944,4.709355503146034,57.22390971495053,0
loam,20.046710438905638,203.50666639890096,6.013905693943476,83.92262998105132,0
clay,35.629419926640566,185.61583684170256,5.951777087383968,93.22657324068638,0
clay,21.521306138252275,153.69903121120504,8.481921962817028,87.12806648413017,0
loam,30.751005480597748,208.70274364919948,6.285409404790569,46.47041934876289,1
clay,37.75262592560267,91.98169915397392,5.834278197888802,80.68516826470474,0
loam,29.658631627771985,310.0922540036921,6.8219000268666985,57.58167578422996,1
clay,36.632751663933796,89.56403947300717,4.855069576431074,94.3628794176642,0
clay,24.250097596113278,168.84386864986516,8.346662943819252,66.6947440737938,0
sandy,33.67919736087654,331.5291618461273,7.039840182364133,46.733864409741756,0
sandy,29.56278357152361,278.5074167213322,7.5193512797633915,79.88520514150649,0
clay,32.96928910504637,155.97555935593223,5.181911752695671,57.76561591124176,0
clay,21.122144525202344,148.21525536943898,6.137911412020816,94.8392986394914,0
sandy,22.65930365431208,81.37217775086701,6.190756453584758,93.8880351819987,0
sandy,22.39610471457461,267.8428590694325,7.787225775604347,76.08737099113193,0
sandy,32.36897909725996,93.17156705175674,4.504946719037638,47.14045469234446,0
loam,35.19993210740532,223.80268023820577,5.70341243341302,77.77735487212661,0
clay,33.493092176154576,339.77293259985345,8.424945497377216,45.1166767553015,0
sandy,20.548498749204693,109.55659221470255,6.3995461740248745,41.61502875063158,0
clay,35.60986965934502,321.5095813613782,6.0301051209760335,85.26271454218173,0
loam,26.374640074276257,347.698340489163,4.979316008070585,51.53641212260247,0
loam,27.148948985073485,96.60959708459346,8.396658514512062,60.846491942050356,0
sandy,21.887644997584655,318.38469266711456,4.580105423703298,93.54015644868952,0
loam,33.273293709688744,219.3413355197765,7.448720900028972,58.52622760236068,0
clay,23.281109812567244,324.7587042500366,7.574399219154033,56.30693797058234,0
sandy,30.151371656339055,234.256114318285,5.474626864255466,90.50143997925264,0
clay,35.13277974580276,258.7702427287725,7.186233774452149,46.091164492542696,0
clay,21.60567791681701,226.8203051592978,4.87171657751756,81.77703255630475,0
loam,29.636040152279424,313.41307768298407,5.52818906572832,94.34360616590257,1
loam,24.19789540789642,278.15567811749946,7.65160795316906,89.57128059260569,0
loam,26.172683557008686,220.74028428871202,7.958744768134161,75.84173552885343,0
loam,28.53145894575001,314.4034170939177,6.933945650639165,57.27334372460026,1
loam,26.391877459027484,146.22709370894034,6.52735372728193,53.98770896480742,0
sandy,31.678811125248366,122.48197811968201,5.137216082475922,85.05903076793035,0
clay,28.6324778315765,123.30802843911947,4.752436132316601,88.39020526734325,0
clay,30.515590724855045,170.18239726121425,4.970596113894235,68.89892019001311,0
clay,33.26280455710843,144.44630845127472,5.409429200384395,53.43869674325564,0
clay,30.039360787107874,331.1243946376294,5.866698007587683,46.21187646261455,1
loam,30.557637823893664,108.57520533371768,6.0236381020439485,44.794870730750716,0
clay,30.160253765407543,268.72749927068867,5.885287074356015,79.54925960446207,1
sandy,26.81790726712321,131.08981574195158,5.456221328789063,63.10653003162487,0
sandy,26.074043009694527,318.0420258479945,6.538896987006792,89.79479308528286,1
clay,36.193653148610224,339.555127809925,7.801144432931587,80.681921539972,0
clay,30.93599400128431,205.67690236789556,5.618814153885917,50.51932298530227,1
sandy,24.398356798363782,317.3492996615955,8.269548076408933,73.75775803486346,0
sandy,28.968458561280926,81.38919610377299,7.993346646895391,63.952799991898765,0
loam,25.94627266305645,301.385667700187,5.147056845408438,71.74873519227373,0
sandy,36.806452827677745,141.72879361172934,7.645103827028378,80.59380178361845,0
loam,20.135618536413347,325.3493535027293,6.798349529271066,84.34077345520849,0
loam,24.055990358825508,80.30243009962956,6.766301448685674,86.40555295236985,0
loam,26.576422754133038,230.1690684607344,6.064171052232698,53.96861810146136,1
loam,28.78057641455728,284.29166702193237,6.504611996728039,41.71135799545467,1
loam,35.314715321050635,149.84584928843515,6.088715109716844,80.66121043406253,0
clay,21.58197724172259,132.14587343856914,6.658930475039771,45.848904944067606,0
sandy,34.50556796134058,102.70652060635585,7.011800211090543,57.32057737371322,0
loam,21.001762808425557,168.1370656558891,7.197215225636194,40.209942376839095,0
sandy,35.16165263536727,231.15796432338396,6.629924770237705,77.4918215320891,0
sandy,20.929438601741232,111.27784133066956,7.385688269314927,49.19226063091717,0
loam,20.3283646657105,181.70774773643566,5.065112197102023,76.0405325330412,0
clay,32.545306322595586,82.44954925623574,5.347929963608954,94.54584394423114,0
loam,37.9505996258311,301.0434435349573,7.77494001629708,43.996897938550894,0
clay,36.138984733532375,114.68115388516168,5.790111911385661,44.239290657330336,0
sandy,30.36797152050188,156.50259603170701,4.5915752999044805,58.720905096667124,0
clay,36.51312103553957,84.97548405931872,5.115164598672124,87.65125828382381,0
clay,20.0954001151569,196.70501165097832,5.394457737985245,51.85414278352325,0
clay,37.55120893301256,306.83280574012906,8.329291551578349,59.820780096169116,0
sandy,28.83347802665812,185.88082709020307,6.792165715723398,43.767797364483876,1
sandy,33.01212973919196,128.46427732443502,8.23092296190502,81.97354101923892,0
clay,34.775506516760345,283.4986851936402,6.8006534019865,62.456848851769806,0
clay,32.93223087505797,292.977885105101,6.417417760551407,81.75868031834636,0
loam,29.63066117680839,126.91343833304303,5.754910764776384,89.69843143907373,0
clay,28.579150714275414,288.13060930606724,6.925483777733502,52.80197309057088,1
loam,35.09448605664724,335.77042982921125,5.056792098470119,84.40678166869732,0
clay,23.691396082690265,124.92194847171353,8.093046509170824,43.25016395430393,0
loam,37.42389319707622,288.1657589836766,7.817329620565134,89.4366063499136,0
sandy,32.79714461906147,271.3144412427099,5.770125791506948,75.7922701157311,0
clay,23.591124692089757,207.86494987747392,8.311190110405178,88.08246982760934,0
clay,33.252449306572785,95.63852435087554,7.8008030696622725,40.01036197561201,0
clay,29.5371204172601,100.16749279462059,7.165227543340158,49.29945886957959,0
clay,32.7301417216,310.1519579836349,4.987047644501099,61.43676630845707,0
loam,33.8200310259711,347.3400606426747,6.4129360921922895,60.87265968560952,0
clay,21.57122323261416,262.53410944042366,6.524430219387003,52.470171060793085,0
sandy,29.109871214468246,200.4087428927868,5.43020543346152,60.988656692696004,0
sandy,36.77625816062481,254.84488371851506,4.819861577437208,47.086679160014015,0
clay,25.77155945887126,240.48688199170724,7.606894521886771,62.701862109631435,0
sandy,30.689895756042176,183.57531030951787,4.98814020849758,84.12948810375953,0
clay,26.64614866717813,97.7190590349835,6.877163002247099,66.34885347068432,0
clay,28.176823499943794,301.80849580000904,8.245796695534642,40.99000489198682,0
sandy,29.874856122886758,180.39505289445566,8.00442077039217,63.17942228685861,0
clay,29.88059563800159,301.0721237064153,5.6110104949970445,41.49462588499643,1
sandy,23.631148321944245,148.1773624158632,7.905794550205061,93.1433875888739,0
loam,32.322287861837,80.27795955832102,4.501330024481957,47.009967768257795,0
clay,21.581626002367823,122.91333648472425,4.570751238453029,78.92285794818403,0
loam,22.498845921956367,206.50564252751778,6.91021265537146,93.50269775906472,1
sandy,20.048796189457935,334.9619814386141,5.959192876578118,85.43214784166145,0
loam,22.100529154550266,107.59227731730412,6.045843364636589,78.4623456319412,0
loam,28.51699161893406,310.6366391046228,6.75776436271553,86.17035002254218,1
sandy,30.909833859005097,222.29650597720277,5.267129822367442,93.99892812933453,0
loam,34.297210099396324,302.9986067659721,5.347021402661913,74.17394734894413,0
loam,21.92058650204185,160.561096367298,6.438406348075459,70.75516437561296,0
sandy,35.313094280296184,306.7857344615674,7.517014177375453,74.55309607548048,0
loam,33.42754145987693,288.6621506045372,6.977991005630351,69.29717377188553,0
sandy,27.353329272846505,142.11449441848714,5.689420192947356,74.92990082503454,0
loam,36.79288520779919,115.46048413053208,6.221348710035684,64.74132143849076,0
sandy,37.83673057623303,314.37466708371903,5.182659034199993,52.01437505858189,0
sandy,23.69003258095827,340.0738964288356,4.798519257348326,46.61359745814216,0
loam,26.82611452934841,88.45162471182938,7.630784162976597,43.75875145427432,0
loam,36.676089624614804,277.4429180828951,5.561549636752778,54.48236810642601,0
loam,32.98873791352299,325.57161795591094,5.211065551404992,42.53679603846536,0
clay,20.86570359135358,311.4872248649746,7.266472222277278,71.19439289556621,0
clay,34.06726067152547,340.4205275129563,6.972206697148744,55.61056458629361,0
clay,34.90293596919486,285.22540117828623,7.032758504053856,85.34941444478676,0
sandy,33.50903464577564,199.42066584284578,5.4155784193864545,44.08324801436125,0
loam,34.39166835655128,164.2270374336852,5.4305821542507235,52.449332188781725,0
sandy,34.85238818047035,166.60053991829443,5.3832105191425565,80.16353808995802,0
clay,23.355289762186594,275.59412160581155,5.195010382649178,72.93445630109203,0
loam,24.242451429169996,281.3759932483604,7.122894690246625,43.547019918704216,1
sandy,31.40765414696319,134.0969687581524,7.892063540997606,88.24817014392102,0
loam,36.34159034832528,314.3931596424434,7.397269878706645,88.24939695543986,0
sandy,25.691538481336902,273.0294908546069,7.668374535042172,58.17244021316756,0
loam,30.58952016431102,231.94257731271333,6.119193716340799,58.72232138422606,1
clay,32.29367714150838,207.31376422767843,7.116303181487993,94.39655970925956,0
clay,28.135074823382705,226.6728575632887,5.916944961779098,74.4396894376226,1
loam,32.84808418739587,122.9963493354014,6.60201848787456,69.22240863124325,0
sandy,36.194014015259114,134.99933730459404,6.426539386139449,86.09837009535585,0
clay,31.23382779527308,104.61441240967176,5.207548580575418,55.6909686096524,0
clay,29.716059114463395,121.48767030350042,6.048315041342523,63.60504263679963,0
clay,27.897404156990103,202.49728134342632,8.355289101929404,54.72771715185838,0
loam,30.394752876310264,223.19568630662914,5.494321030859768,83.40384656238024,0
loam,26.396524132731127,84.82271096914623,5.035214945117955,71.53421400993699,0
sandy,27.046677983627035,295.1354135232874,6.174322486495742,76.23537885770388,1
sandy,29.573434634387134,159.42535280273904,7.661350943440592,53.87689874116736,0
sandy,21.199144023034705,326.195729439176,6.828592919119889,52.11239157575233,0
loam,24.122457036646335,341.22804117571997,7.223899308952978,66.86060459406163,1
loam,29.77128759104136,130.07389616269666,5.258779392698709,80.56611620010548,0
sandy,27.767506576455965,204.76626850672835,6.975792772030886,68.8881866636088,1
sandy,25.99068414642472,80.33259549493499,5.7940015796458955,41.79551226501177,0
loam,33.14988446256743,241.54836158305528,7.8372134638190705,87.77033284761589,0
sandy,32.48691693326009,243.97274103092124,7.017195224042945,43.55777914333223,0
clay,23.001153679880897,146.83578801291128,5.295425111101183,92.57034660464137,0
loam,35.815324076721886,230.77142159746344,4.758466719376345,41.38280770525,0
sandy,28.917625275271384,140.89583845980857,4.670532837148131,78.19477508718899,0
loam,33.346296400502816,123.42287665111132,5.985634270600563,44.52138850414799,0
clay,30.316715286633,255.91025603661146,5.563404546617254,90.08721186893268,1
loam,37.95846708662918,167.99987526706022,7.084360493850032,65.54382799240486,0
loam,33.54325616069881,239.37126349911807,6.497335339914473,47.56380761493585,0
loam,32.72564830238226,196.97662222234703,5.564077112021523,58.74486348844157,0
loam,34.01429490291352,345.77487999878406,5.0969511118007045,49.06535714407191,0
clay,22.576303739872454,120.38677352024276,5.008799050749799,49.38200513563995,0
loam,23.68180267705034,205.44162109166874,7.958641568561671,92.14595760942933,0
loam,32.85315348002506,263.7232891170178,5.473911873619469,64.48853617566334,0
sandy,28.891666768355527,186.79717264759154,7.106842591643874,83.38412451479478,1
loam,33.5834352534821,343.16896000508626,7.7427437119450655,75.17830586477251,0
sandy,21.85248855339461,274.90965954027246,6.956325244738944,77.20344992861158,0
clay,29.656664326722705,257.38564154241317,7.938260926587783,47.243139115962116,0
clay,26.818788180024484,284.40600225503033,6.069574886113898,52.88014457485171,1
clay,28.22600394707021,337.2151322704536,8.324888762595794,83.27126843349403,0
clay,30.871241697305223,325.11103630585285,5.032580016712387,93.39214135611306,0
sandy,29.041190254325542,275.55703319413124,4.908598118630152,54.44716034292584,0
loam,29.71749146803106,282.2736425573464,7.134768584829774,54.936282061307196,1
clay,28.75443467592094,119.39895998948927,8.271324565653046,66.00934230459977,0
loam,27.361193187538877,107.75394921301974,7.735533846545312,94.11121720704908,0
sandy,33.89387565076841,234.14421549792436,4.805667437752206,54.792742020455904,0
sandy,20.219655301724803,84.9592619739458,5.6174708557388655,62.383455029884516,0
sandy,30.771968621694086,210.2362230189297,8.221275539351295,89.03140085929287,0
clay,30.179150251813528,136.79438657809453,5.512233731203138,40.16065679417491,0
loam,32.89122334519314,173.42447326410667,7.624681695147677,42.18712807437132,0
loam,30.782528565991875,289.4672786640981,7.800528783714816,73.22394223891706,0
loam,34.88237890056341,334.1341261427443,6.481808413843927,89.90590905920658,0
sandy,37.2633463021525,99.5523934795122,6.045395639393262,53.137116322106024,0
clay,26.16543662921378,224.24539561364017,6.300497729679039,65.830297607439,1
sandy,24.092317694539766,318.28404117129196,5.407858777461456,64.77559159118,0
sandy,27.624743523568693,102.27730429891375,8.057563664515378,66.01342403525305,0
loam,25.18273309656307,302.6187926621451,6.302478626919031,74.23858326513599,1
sandy,31.069104736747782,176.60636475063328,8.0298377618244,65.8359069644876,0
loam,36.41334335917337,166.96556959922054,4.922773919625096,64.61074777273518,0
clay,22.504091494575114,343.91592430499213,8.453101084000526,66.08586312371932,0
loam,21.814302854285955,134.23195426281944,6.273092349774473,72.49770926990729,0
clay,24.60827957336592,267.1623640221238,4.691323281576421,69.53541185932471,0
loam,33.06972054912322,301.78899656266395,4.65208739294982,86.97747987077773,0
sandy,30.67333229465879,91.11954372540335,7.484829029927354,42.72232694215167,0
sandy,21.839827956053593,261.0040737556913,7.136142136814723,85.83243893101569,0
clay,36.53750940069344,336.9184930759383,7.70852223251035,86.41585369364482,0
clay,34.22152346823356,113.53939101657602,4.921470135811224,55.66994118420285,0
clay,20.414406886177474,321.97975172496035,4.642283468142193,65.45685752587178,0
loam,31.724609797788432,240.58969209177275,6.534317157790314,64.11961686955895,1
loam,33.88244003335528,246.48323710286797,6.050380925931078,52.01804088947716,0
clay,26.739836654967597,245.4949272137136,6.347787746683823,61.823826589747405,1
sandy,21.240587708609937,160.68568931107473,8.466353635481095,42.441327469396995,0
loam,21.39177917879817,332.50449013085415,8.382999830682682,55.28021400299539,0
loam,21.87644538893257,335.78462491038044,8.269261558692772,84.9175196497895,0
loam,35.12791337564761,248.83225825776591,7.635370707070695,55.650926596959366,0
clay,36.392351568602834,291.52413600423597,5.919365441027562,85.00136678115362,0
clay,22.21059407322321,245.30965618791265,6.148523721051086,69.2379705532437,1
clay,24.24630862271146,210.78758084499097,6.6984641748756975,88.3924472548638,1
clay,22.979369186611216,258.4214319407977,7.822137825619359,71.61287548454283,0
clay,23.353775830894172,229.31039219982878,4.774851330073071,41.63175226856069,0
sandy,35.074834202044855,241.31848291062113,6.1971875435395525,77.14811141508991,0
sandy,25.978635427788902,291.6347894230927,4.830470653837075,42.46694624129628,0
clay,25.60599675282154,209.8440344912259,6.558630346294047,64.78283604407237,1
loam,24.093121175788028,91.00360864496764,8.095603296024942,91.11846819602127,0
clay,30.942099088296658,124.27985986716425,7.629939698255752,49.08621666358176,0
sandy,26.827502570939878,198.42394845217535,5.41136967017244,61.442979411784926,0
sandy,33.3964937331792,275.70317116599574,8.40396339839517,80.14231698666632,0
loam,23.700436550761474,240.18523504374826,7.1694015921857135,88.52422058521663,1
sandy,34.18021799686086,255.57943018583256,4.541710797589612,76.90186526083794,0
clay,30.866987571142502,209.40531071559758,5.521653938740878,54.19952898051431,1
loam,22.056811401002378,246.25034592440556,5.542853199679666,77.10343191039189,1
clay,27.461082515665296,168.8347082099588,4.77701722514344,56.320020260724945,0
clay,35.54332653103322,206.94930002809957,8.339306072303716,79.51360764003044,0
loam,36.61328417237273,280.955347710638,6.413021178303695,92.47182201717723,0
clay,28.382602201738635,315.39485032274274,8.083258389487527,79.67663981084586,0
sandy,28.655065605603326,197.086940168225,5.788862013778513,87.45842766018268,1
clay,36.53218504890742,91.78864758098752,5.0009342817313085,40.11571137467359,0
loam,30.56722803445821,123.65158691963671,6.397344439624856,79.46646686023769,0
loam,20.59124006438189,85.63250760871529,4.955826538857268,85.62731562758876,0
loam,36.42949033182432,256.38101519407917,6.44406201191016,42.230730564957476,0
clay,24.468075969628735,169.7249488458794,8.18118872487763,87.93787500085269,0
loam,30.397375173647852,226.4692316442292,6.583072567336851,54.11818255705252,1
loam,22.979239713703528,213.1847486316259,6.9659989075803335,76.59106560879303,1
clay,20.60982488443871,102.01215217915521,5.126553747895233,84.01951834628736,0
sandy,25.606517080389633,188.88056750343458,4.674942503519878,76.44654821826455,0
clay,34.04892273582958,139.55150372902727,4.943231848719228,45.07566356402915,0
loam,24.996569107329528,192.96794294026623,6.894126302737463,72.79768353732027,1
loam,23.961749853459747,134.96613569240552,4.880046795969219,70.2271011197179,0
clay,23.828254118142073,306.9221496947721,6.003971559765246,89.51766974408494,1
sandy,29.273126283322625,127.03220087612848,6.700367761832624,62.23318513043151,0
loam,37.559743682289614,339.41074890148377,6.054611194519389,57.659460339787756,0
loam,28.261801784306236,192.29498885967402,5.154735205861206,81.24179204400565,0
loam,30.031496640020862,308.4862288451433,5.595165230056426,62.697142934586815,1
clay,35.49137632203321,249.76650091560518,8.213270131394308,75.53528962527847,0
loam,29.631254940805853,278.54458063975324,7.2039291023454215,75.55475495685339,1
sandy,23.320331685539408,287.2854497780307,6.484191354719546,88.84214853980649,1
