crop_stage,temperature,humidity,rainfall,soil_moisture,irrigation_needed
seedling,36.504887987538865,82.70450998338184,44.679332036908114,26.128022001502288,0
ripening,34.38475732317822,52.63247627852381,83.69903652886838,39.86839885287441,0
vegetative,27.33032243245827,43.74456172585688,22.18240305099961,52.73428145140223,0
seedling,23.29762223980795,33.8599072203763,49.394525566220125,48.19402472014398,0
ripening,28.515858742620917,86.94174511483732,92.96187394467545,78.23062661906661,0
ripening,25.715746274735082,89.70551932737274,66.72147067866749,57.625917807663654,0
ripening,24.119802156127726,37.80781184062594,79.80790197559975,61.79623694339079,0
ripening,22.854834908589204,51.74079319724747,55.09939701854862,77.68691635767132,0
vegetative,33.60950982736926,41.399184518490856,98.046645884063,39.010661765996474,0
ripening,22.1828393380005,37.533400473682185,58.86621546814742,34.876587054273585,0
vegetative,34.329291976044416,88.49133829500197,4.551071396259154,13.070370083646779,1
flowering,24.351146326406003,33.6970218444481,19.798279993979484,22.894301456317898,0
seedling,23.272353321388092,93.73156812548544,40.4773628957148,26.60327424361731,0
ripening,23.433648547817686,36.269305945329975,60.12771725737763,22.845312694993694,0
flowering,32.75276491766263,86.12559219758307,77.19308674089599,62.834872523759515,0
seedling,25.925875357645516,66.82289695429557,41.30861259038863,47.511808689327815,0
seedling,28.728631466881573,53.914636708161765,71.00583050156887,56.73436610209271,0
seedling,30.91790066118267,52.25225448063526,78.98695031091249,67.43235125875616,0
flowering,35.7688187812607,79.22866931045107,31.726019724998277,26.154175890012628,0
vegetative,33.632708203381256,50.44726417527867,97.92702400358185,32.81467578750494,0
flowering,26.325246483819434,72.72572958011422,64.96564952358355,59.585218692561774,0
ripening,24.10372478865804,63.62619542854521,88.09980607861311,37.4931262133131,0
ripening,22.88598912673917,61.52276693527458,55.59376888086067,12.04896580707309,0
flowering,26.82557815169508,88.5755410921955,74.16031071523237,40.446865331881455,0
seedling,26.193890387834852,66.05192881031687,77.05440616163654,73.579116049079,0
vegetative,29.298249068807674,83.74600419816517,90.8248379234579,38.63150581150123,0
vegetative,32.932501368762885,77.16227971659681,15.034975687137031,33.25742415099229,1
vegetative,33.13000713022171,32.506220993834894,55.82834241692485,79.2667558061519,0
vegetative,26.536301545314664,80.25215341285224,42.83785131058563,55.109089496590926,0
seedling,28.07883129440193,44.096566255917644,92.31590211737402,35.61986185298266,0
vegetative,24.89841538779045,88.70472704535214,10.509469424899919,17.141367195466515,0
seedling,34.6167281969043,32.79007238957408,98.25738886809128,65.14946114624948,0
ripening,22.909569222931843,51.64968224083072,87.54513240932963,59.56524534414304,0
seedling,33.151955867599796,36.48264157025901,7.382628156424853,74.53410594739954,0
ripening,34.459126335057654,60.913292610514844,49.096638554047445,25.20929410196058,0
vegetative,34.43852098958005,83.30145833153387,71.75595002125259,18.044704499176238,0
flowering,26.15076102952568,49.38217837809917,73.81515456910564,60.68507684863445,0
ripening,27.981010206920985,39.8107683252177,90.64941252379208,24.237708939908696,0
ripening,31.401594163142224,51.46735732029845,79.98654355823109,22.32726864526473,0
seedling,26.365150438791474,82.90220922484133,31.09303803440895,32.386513477725046,0
flowering,27.93364478748622,39.12495725695754,49.84347858624524,67.17775990349064,0
ripening,25.152868482970234,44.77855919003762,70.17857629358541,47.76756235767415,0
seedling,29.357694140096118,34.47537769206931,13.843684136435142,13.209524857159668,1
vegetative,22.713796820065824,75.8711528593245,19.39907976001973,42.472627226152206,0
ripening,34.79673415312989,55.690160829861895,48.10424481098726,57.87857279565326,0
vegetative,23.231303151786122,50.20459851431554,29.824579870551272,47.6857906928311,0
ripening,30.301362381304415,76.71071537217487,86.2559249784095,50.07151527095892,0
ripening,26.908961592723138,51.83854025211659,58.627732152061796,25.73441298748652,0
flowering,31.240687181302008,77.30513275893716,34.86651977183677,69.34175321167436,0
ripening,37.350933453334804,82.98796069543039,84.88330256044101,49.29791023137869,0
seedling,32.329123911296065,44.148084824753,80.48784485542389,59.92722091284736,0
vegetative,22.565798972087855,93.29821529498892,99.83548770992695,78.73049519093118,0
vegetative,28.88643903212898,40.55326661432334,84.73076883337349,39.97390603721725,0
vegetative,30.160269637092004,48.904658932688264,41.44565348056797,71.6746628873556,0
ripening,30.57883991525523,41.6866939041802,12.749888176998848,10.509670975878752,1
seedling,32.90228016966141,52.457867663161736,84.06409082004778,12.338510483058407,0
ripening,26.44153756370826,61.203957708349115,5.975791796039398,51.31959452101719,0
flowering,24.061769047461123,63.94143148513774,35.027120734485415,31.801457687954045,0
seedling,28.28281082475351,85.48439274925768,91.97379807712738,27.379359691379015,0
ripening,37.30249156473518,87.81411407303133,96.07664734451006,29.4554750046271,0
ripening,24.994094268013516,44.30675095075891,64.05645935212185,32.28820542274113,0
flowering,36.463743278851794,70.48811209207392,68.86483169837135,61.026338730039605,0
ripening,30.700895201237223,37.24724372441651,4.245448872552249,49.84371805616612,0
flowering,29.31058274633225,59.833040911834445,51.448034108954786,65.23251807915335,0
ripening,36.112662563678235,50.95167997303018,54.68681788063412,68.11376058845363,0
seedling,29.337663388297372,50.57254845448442,34.01007461241111,69.00544015108974,0
flowering,33.586682185784696,61.36797571128656,6.859683475388434,39.02509044224213,1
seedling,28.38440514724963,77.43879630940239,22.8907599724394,39.489137742148756,1
seedling,36.464710286415325,34.49687282150532,35.79839368611963,74.83861160984088,0
seedling,33.040400323059636,87.14626694968129,43.51419865163296,56.32345162230873,0
vegetative,33.19395286800827,77.76289535098647,59.09267255335692,15.632702878539714,0
vegetative,27.243526424913902,41.47246027778891,72.23915186982364,47.95308678647278,0
flowering,34.10845828379023,91.04545909067907,31.763187327394615,34.92050817444348,0
seedling,32.17697688715426,62.91029456152026,32.89537599189831,79.12044928014542,0
seedling,25.84032437407535,94.98755757760274,1.9691642723703717,10.95587845236048,0
vegetative,24.568621159764103,42.821865829547946,4.087486009401831,52.85266111493906,0
ripening,34.74226359227731,64.7690328949081,25.782169430853642,60.653616607920064,0
seedling,37.34666564856356,48.86612276639535,74.02449976749567,30.223473995014864,0
vegetative,29.330221236160686,49.77128123030103,62.83138303739122,78.15490627795725,0
flowering,31.45574664517896,68.41924975420936,76.97890206778347,70.16756389151979,0
flowering,35.72356230709687,89.91173934660416,76.89194362148217,74.09569886900687,0
ripening,29.315575253661713,82.34215061264638,85.65674676693013,11.346244154608394,0
seedling,37.22999162932378,77.05619090258618,72.03192659868836,49.89105059203663,0
vegetative,31.21201859271796,66.34629583661064,97.90109190008228,30.62551693681827,0
vegetative,35.132273931221036,89.9494027383841,89.88252193018174,69.4320044454964,0
ripening,36.54149949460381,62.00349143490747,58.67171662232342,54.29947598404737,0
vegetative,35.0483811002971,86.79909159175668,58.81576704911717,47.72139030247768,0
vegetative,24.550631415183297,84.20880685198107,3.4267040352229494,18.0211718772924,0
ripening,32.062375024987205,43.89929754210313,99.85265777083544,47.815596335033355,0
flowering,28.374948137914835,80.12965509278416,13.157599736614179,54.23329024494986,0
ripening,23.003407232373533,30.79112520131182,74.0347196631592,76.91386165171431,0
ripening,28.78451603023747,50.98391994062569,82.10151951243088,50.953570729670865,0
flowering,26.138945070230523,44.92188390497674,37.305452930520325,77.71804212219581,0
flowering,35.584612934856175,62.94609230167537,19.685205466531375,77.31242809246635,0
ripening,22.532874024747137,77.89545550925106,9.875988679055503,55.514023508351826,0
seedling,37.34372354981558,36.34896388410207,74.86060058295779,45.41355888826621,0
flowering,27.685901575550872,63.46994312588995,45.26535292056957,42.621522067823456,0
ripening,27.707310246440684,90.99678141013507,71.37177590011356,72.32649927810479,0
vegetative,22.261256042939326,44.86202581389146,91.54076488518005,11.977967808022974,0
seedling,24.96371720377894,74.01417436724256,14.658373615105669,17.96657386165001,0
vegetative,28.42015201285774,68.53721760077525,91.91710007237997,17.14502103834063,0
flowering,36.86866267684342,30.654140217646066,41.16264595084367,62.98547275847383,0
seedling,23.593838883540343,60.92870273071948,30.526700989728905,33.77557166967743,0
ripening,37.12482453566527,76.07007541116816,94.30622606027791,54.65779813184907,0
seedling,35.91181648874611,32.85840308156589,99.06516926063993,52.26480326897959,0
flowering,29.26659835052083,87.16889639654246,19.889221776744815,37.00795788197722,1
seedling,27.22721410829216,63.805292081318754,65.68383469519833,47.2097405569679,0
ripening,25.72390606846491,31.992968141171666,10.649531377106037,55.1596973500162,0
ripening,31.831435303629988,44.58688477485461,65.09140038575057,75.86652309146969,0
seedling,22.529193463608088,91.98892026777534,82.73132277758496,50.2943851002687,0
ripening,22.249697031149253,67.85078264838359,68.44985465240676,53.005725823782,0
seedling,28.860731559971804,36.98571690497229,41.73331420625958,14.749907239264282,0
seedling,23.089185183595525,48.6903926482365,38.30663595637696,76.65510703320784,0
seedling,26.031055811937485,59.68573568093147,39.31224152234171,46.965734953657034,0
seedling,25.53857464553734,31.36175450240248,58.97118179929232,66.08913939019453,0
flowering,26.05105909956563,56.755008384894325,88.15672700724956,13.520374420317236,0
ripening,24.096883699444124,61.81481130325538,92.90661572687678,39.46370950159637,0
seedling,22.19257956636247,45.83906189328009,5.352962020731811,27.988282140689112,0
ripening,23.84774875421997,68.26153501897912,18.16223946456883,28.688312908201297,0
flowering,31.895684152203966,78.96060777349149,11.22243158282885,65.40176109726505,0
ripening,37.588099405088805,45.32922456686631,19.3334640766914,53.67067076881975,0
ripening,37.845520024974306,70.3324935181992,34.66078106091718,40.78217182899937,0
vegetative,28.544865525968987,71.5754457926432,50.65316826226238,10.74100177104754,0
vegetative,24.607270816745686,91.65511957337466,62.94612270091522,77.54495600618709,0
vegetative,32.22018811786447,80.58795087426884,73.21422191397015,77.34162773490067,0
seedling,29.844885544779792,85.14244253635039,89.01115413858071,25.228654719602694,0
vegetative,37.83055643655091,61.87729404835788,98.90884372297907,12.894246062158969,0
vegetative,23.044867314428483,42.04765815365988,66.28564785571199,47.11395541083315,0
vegetative,34.53175101302101,94.72799404237628,84.5364518667763,76.59875702314852,0
ripening,26.614375957303903,38.40812446751548,77.8038846924699,73.72770920354544,0
seedling,25.862697921225184,60.64472575802725,30.753203921871197,50.92640047225776,0
ripening,32.60007314452282,34.42605145073693,87.5692270234923,31.248419545759504,0
vegetative,25.93701095985543,91.35030572780326,4.276313794779885,33.09726186384371,0
flowering,32.653745880947,92.72012115514858,0.036734375145786036,72.85394860402192,0
seedling,30.276936275236622,76.76028903025829,27.37326293884642,44.42488249449038,0
vegetative,28.78542381497359,52.74953483596098,46.209752962744986,19.17813602770019,0
flowering,30.875004938582705,46.53485607264558,63.836289500067736,27.38978331815251,0
seedling,26.592824318714076,47.244716094908085,10.17702665445448,29.375643102724936,0
flowering,33.305195300367664,38.27411165230485,67.301013383484,18.648267945233655,0
seedling,28.637709909337026,64.17758194998699,80.18158670596945,42.413106706490396,0
vegetative,27.768728967774276,39.21812292059604,18.53129195793668,74.12356357924938,0
ripening,35.258510632891806,50.58749332597466,41.51252548317939,56.814778009458266,0
flowering,36.79947059125107,70.73592093734182,51.998498995330976,15.07317469741993,0
flowering,22.73611697419675,77.29033462339873,45.18070180844806,10.38463724664139,0
vegetative,25.722031885276248,31.577725800433978,79.98299308884707,29.3373367228478,0
seedling,27.57630991188101,57.957538984488096,96.05223981193308,35.38850543557582,0
ripening,35.03946366992396,72.38809866473903,79.89531640081799,64.3724768332743,0
vegetative,37.76786284229276,85.46098845030333,7.799281787582457,77.69038667512567,0
vegetative,37.503547274725626,60.89611084378536,80.49355721591272,37.12970213964805,0
ripening,36.47917352879883,92.99838166164955,6.659633223555117,58.06830208718028,0
seedling,26.744900241024478,47.266115590194076,23.597038524157,79.64313351470743,0
flowering,37.872179894631586,30.878065930736728,15.30968968357228,62.196660871251005,0
flowering,25.99072065690322,61.44393620561285,19.751910684608543,54.53326843600911,0
ripening,23.694498478115715,46.64739667630117,52.831512705735065,15.4652397924813,0
flowering,37.2152417768863,83.54164868150602,67.16898576108537,32.625064083631116,0
ripening,25.73472408748954,45.13022369177229,47.0321282336041,73.93745109200098,0
ripening,33.036292241244006,50.19089918893491,95.96956390292436,24.0703837176634,0
ripening,22.93370174368942,81.4297830162423,24.029232003016666,69.05132514912458,0
flowering,33.69134558603962,76.4843113816484,76.31402302547929,58.74265795563538,0
vegetative,36.10752339734144,66.27333038272207,87.01821785071485,35.642705958152824,0
flowering,26.358990327455402,75.82162402497937,56.20661107547191,47.04219887988596,0
flowering,28.064910337238857,57.21139613205172,45.62225019615531,47.99645281269695,0
ripening,27.988738933134655,30.345153094953407,59.618444677924366,59.98376495517204,0
flowering,33.98061212064213,30.738083353292517,42.880977016034294,46.15891587694373,0
ripening,25.80491588062462,63.229416192289634,55.519388232336944,19.31531931289164,0
ripening,24.749649584762288,35.413913681734954,41.693395212880155,64.14182700653387,0
flowering,29.18866637900381,33.319906211001694,40.046971029413406,38.43907478342831,0
flowering,26.87149451803711,92.75858154393578,69.53464681395299,77.41657231483491,0
ripening,35.427025956138436,85.8351715777738,9.285121306796796,29.845964760512405,1
seedling,25.80386921625022,39.88176976862202,16.654207272882083,28.415514620760923,0
vegetative,30.038231319828185,30.043174208363293,85.1198471715004,33.34551769726278,0
flowering,37.081337595166886,91.20840670033417,77.1077346815188,50.06219111710379,0
ripening,32.14396316391457,48.09114439080743,28.145372729439377,72.64088181406876,0
flowering,35.87663048739944,42.08334418560734,37.72689326657602,22.339714809801038,0
vegetative,37.04335502967628,74.9480270090498,92.60265066284805,29.577515831945416,0
flowering,34.01223779018163,37.078743024686204,81.80772251738613,50.717589020350324,0
vegetative,33.19320096359602,47.202223870182024,61.434629997963086,41.803396951306055,0
seedling,37.48744906566763,93.38115421378302,22.149017880295773,41.31260210790077,0
flowering,37.91041263436287,71.56508034081067,4.425197131526959,67.45139834674845,0
flowering,29.229146922716154,63.84405644636598,43.12578468418982,74.67148117579528,0
ripening,23.133916450947332,55.86470996427096,67.26271392574618,43.691487624891735,0
seedling,26.6847045030483,80.34256206747312,82.84804905178515,58.114625681309164,0
ripening,24.437675291003686,39.162235974040094,85.26890057422693,66.07410977191756,0
flowering,28.67978199673619,92.87695713240385,3.2775901293363385,46.285648727101474,0
ripening,24.100629255572095,85.97299552427614,24.415703383687937,30.602148626761473,0
seedling,31.66588486433411,70.14770386700081,33.909458847740304,54.66592184055986,0
seedling,28.124928946525664,32.78890237616628,18.873221095938586,50.95763702142415,0
flowering,36.32617414861136,75.55561721410295,80.29753783638378,73.10939738177274,0
seedling,37.48471474877603,89.36348215755626,76.74657630849426,13.668492573889921,0
flowering,30.750158426710755,64.09750938611069,51.68330403809708,73.70919709934267,0
ripening,26.397177117881547,53.02461341877208,98.29264779958555,47.410241971575175,0
flowering,31.47568670018939,37.81802742366553,14.405854109084226,11.097328123493975,1
flowering,36.348178531590555,79.06857176894194,89.96517033276689,34.12915251374517,0
ripening,28.507733533371972,87.5264203287674,11.646325416191615,60.70334947127238,0
seedling,30.833252427071535,36.51636336493016,16.31817055141207,44.190316155508306,0
seedling,26.346444281698332,79.33399605890223,69.62192002506188,78.61113262086947,0
seedling,29.28710639120043,31.108931606841338,10.956969204168931,39.5827051681734,1
vegetative,28.42741656607358,92.85856967501927,56.584509541871086,32.864466073820545,0
flowering,25.974615441327536,69.97877134128126,42.02335364726536,67.51703541006977,0
seedling,30.093862141204934,65.90853883445615,72.84739655410148,48.3534689550622,0
vegetative,26.966093215676985,49.23673918328031,90.06752388088651,57.76286053437912,0
flowering,27.96855782209196,90.40395865203593,76.98715146690553,66.39916366270742,0
ripening,30.399527076068228,47.28386577689142,84.96898764211883,56.99992822879342,0
flowering,34.009520366863796,83.82952985908517,3.294544853123238,39.56852463380652,1
flowering,27.336119452660405,94.03206415691358,31.019549824420313,18.735751352601046,0
ripening,36.78654026593222,80.92078195846238,51.54330866863324,50.617371659991036,0
vegetative,35.79709674937444,63.734344825118065,41.595331462977946,72.82033287104818,0
seedling,22.77904473560846,34.29482715035867,23.125495297968847,39.32246985628905,0
seedling,26.058280388109164,60.70689629611975,30.78740979600233,73.75076643899884,0
seedling,29.13816820254723,58.486636553160736,94.54309703916057,45.24694738476814,0
ripening,23.674046219879585,43.18174267715469,29.418087987135156,53.45890937097336,0
ripening,27.57561582453595,57.53319638642979,35.39041101797857,68.309193323895,0
seedling,33.841560409882916,53.25426246522201,0.37097737500186856,49.521797674850504,0
flowering,32.88823169828521,40.639476974857146,84.50776272778745,16.367853750689445,0
flowering,31.958150857056076,58.6893193166116,15.484070340157663,78.66855805602766,0
seedling,33.36845444355753,47.08199716109179,20.414427551372604,27.20945113389836,1
seedling,25.278778991355228,63.93405734434719,25.526451709202558,59.735373004113896,0
ripening,27.467169837835712,32.285403881552625,88.46220568448426,45.35794070324171,0
seedling,32.8198797164394,88.90504228617347,20.645141124631472,43.514084577239565,0
vegetative,36.06775620850124,83.06367985879064,79.752636086794,27.075857320682402,0
flowering,30.698848861249523,65.9177866131828,80.80493403229045,60.55055359900729,0
seedling,26.523194415128586,85.36755787922081,92.70205687863958,17.895178538169105,0
seedling,22.48376412809572,92.55567979770203,11.556131360031397,79.33173165530397,0
ripening,33.36538926358742,37.18394911342294,21.727897233783132,69.17614759750427,0
vegetative,22.126145656135044,71.00406754663724,74.28982920807213,47.415625800405444,0
ripening,27.962865117135927,94.8696100608178,19.600075428073904,39.71870692406066,0
seedling,30.48859543300451,94.2127960066792,28.632954687344903,30.052524272190734,1
flowering,36.75378338827509,69.2159944988984,16.674158011136264,45.11140296585373,0
vegetative,23.4319127205264,38.321356579303085,17.26966861550493,71.55922234169176,0
vegetative,28.495077151492538,67.90753401438434,48.15533546282057,29.250448049047854,0
vegetative,22.389011195362524,30.13420131233741,10.968306211295854,45.03762211621952,0
ripening,27.481775749465445,42.929236753345876,32.16976184636222,26.41849314469216,0
seedling,31.95569694143672,92.1480053713974,42.6593909598879,33.6004379565466,0
seedling,26.465087171657572,51.47863721918485,2.4548116523977592,23.318235624633274,0
seedling,25.35599919449016,71.49535687550166,38.83331664744526,79.33774357448314,0
vegetative,23.851251733233497,48.25586715109577,9.412243608551696,50.00482125237189,0
vegetative,31.234243904325467,91.60842266225332,49.35785311461767,61.29705868256868,0
flowering,33.124320094474974,77.35631744671664,82.57381885570963,16.87749394164257,0
vegetative,32.75131424953316,51.427325242791824,81.84221621817872,35.6282285052021,0
seedling,37.18177633152812,81.46449237672411,8.04485155374005,72.4847862133125,0
seedling,22.043251422296045,37.03075909096195,60.12277576745202,15.910682849676352,0
vegetative,32.355146462304575,55.50073110425486,83.45863819712365,21.58382598377292,0
flowering,31.606275793562233,44.3791783025535,23.79725429346353,53.7792327245818,0
vegetative,31.41983375952461,74.442219072943,76.19265114495991,53.59522958729576,0
vegetative,37.404325117443875,36.65900831517548,89.07643464500933,68.67589311177508,0
ripening,22.269946773920637,55.80667909837381,80.61241514404442,75.4844934709995,0
vegetative,33.1437188912232,47.98223246359733,10.730103151550452,19.939053279768466,1
seedling,35.01885839522981,62.91228975604727,0.9059999522384898,28.156167296889965,1
seedling,30.156915145945348,52.74334923275213,19.172410992184563,39.922298398527914,1
seedling,27.343437913548946,75.91668754835571,27.047734094662324,10.063229986487475,0
ripening,34.65344261163848,31.597506579952793,61.61829906159595,14.887001207178646,0
ripening,23.555886810118793,71.20914988488398,38.42731752423184,25.854389455871512,0
vegetative,29.072570203678804,44.9871338300983,70.34070306614734,43.67713748110682,0
flowering,30.319237993133413,47.46608686919521,35.30749605216086,27.606591671802896,0
vegetative,33.103302574952764,82.01661423292903,15.44254246546003,71.36773245561336,0
ripening,23.45417171251855,92.11194560872735,31.268984348603514,32.69910128794078,0
vegetative,25.644152024605773,50.575763651760624,88.4324226389135,74.723596849984,0
ripening,28.56482500304201,83.74234257398993,95.85323442450648,78.2351082514297,0
seedling,31.972714768322092,36.75940446813015,20.751273406736846,41.49030737353051,0
seedling,36.19137249947868,71.2088074454799,78.84683870244413,25.899017182952655,0
ripening,31.901218691862024,78.81709946976972,27.334873653987067,30.416629339610232,1
vegetative,24.13538353495895,40.13856532223967,88.71315434314076,64.34335771616122,0
flowering,37.68928212459652,57.69015519852144,16.554561279625545,29.134479545481373,1
seedling,35.94857175608789,88.0259656761838,66.5959918694057,36.64080075441993,0
flowering,30.043532178325187,36.73260012414419,8.421126471318253,43.50031009372949,0
ripening,36.75756770874613,31.176263283095885,97.38933239738695,50.25777815289889,0
ripening,30.662092700114172,68.38804963811569,70.06333446405428,79.72703082108667,0
flowering,36.77289708622661,58.30955013451067,84.18157394050853,26.254682861451464,0
ripening,35.27835789765349,81.91480117745368,56.66693393630345,34.73965922737182,0
vegetative,37.492582564708755,90.02460998326694,47.68013639288602,28.40238239073577,0
vegetative,36.716524972450536,49.444986895348045,62.188239139436504,35.27794056505972,0
vegetative,22.57654107885711,55.24626761599184,52.8741511699448,17.05631618262344,0
ripening,24.79635206657504,61.607685611405465,46.9384355145153,35.1866837068733,0
flowering,28.22615483361897,68.22984492829445,75.94502514576428,72.15055220250719,0
seedling,37.23428315672673,93.95049892930508,17.820095493926814,30.90128934925143,1
seedling,26.800462711614873,75.32646630395334,17.11720481551585,36.03543458943482,0
vegetative,24.56748230220162,55.320652977461975,43.18426506497062,76.11319151065543,0
seedling,36.18087465738496,47.14489961928004,32.0747916044946,60.986529742880776,0
ripening,29.142310647731247,91.40067169743807,7.41245179130241,46.17171003726338,0
flowering,36.526009509669215,38.81064815205292,84.44704924187344,64.40349098824083,0
ripening,24.563687461122292,76.81728041280928,77.16028066943498,18.622575419815277,0
ripening,32.57788018412959,90.15067664400864,54.39214998029848,42.51432472545896,0
flowering,29.04422004527187,73.20326312473851,97.93245372643689,18.27652901151064,0
seedling,23.223788304484565,57.49853861079788,7.260006654760531,26.3532701513706,0
flowering,33.14341031444001,42.93441109515646,76.6669301027875,19.9307081818181,0
ripening,25.95838008862646,53.88589594637527,26.63703916090968,35.32608674183975,0
flowering,22.633848361272285,75.94666761230793,36.85989199435754,36.714752427714814,0
flowering,22.959108771993172,72.2197245713943,21.927938520306757,76.31160072832687,0
vegetative,22.977256593068596,90.31845082889326,78.90378914618653,28.48880118312705,0
vegetative,36.52372731976063,86.34595938785937,14.424010202156602,43.07001917215618,0
ripening,33.838142685265616,83.04979889731393,84.0016697735278,66.79655827744406,0
ripening,36.36899771541976,89.24430689779955,66.1577648229834,67.09323105056632,0
seedling,32.76131698074434,47.96191492790821,5.902324526911473,62.524023092451415,0
ripening,30.46303886449413,54.01903010907722,81.09817316001534,30.148363349805106,0
seedling,26.871141829558052,54.693103746091126,62.775571616297945,44.64801335879499,0
seedling,37.96739602125878,66.42928826613571,90.49823195783415,23.034811663070627,0
flowering,27.795024943030228,73.43418492028012,74.87223064086382,23.187966594796297,0
flowering,29.53038318742255,48.63658439762563,56.11209274297748,40.50888491968176,0
ripening,28.051922798775387,31.26506037510452,83.65471806191978,61.70145548700588,0
vegetative,37.67243086936734,55.9494549377641,27.80502383012221,46.86089819984865,0
vegetative,24.79453416632009,50.054317371036035,54.69500618445636,72.06782545932165,0
seedling,27.247808014529276,91.24200673617311,29.361681980341015,68.16361584443031,0
ripening,32.88557865624003,87.73722763536283,96.82043910905087,12.21238099742839,0
seedling,23.011321893418092,85.92019409232228,22.619630084200637,49.789333000635125,0
flowering,31.715989984184656,72.4449844614408,1.5738239670462506,52.641288504895016,0
ripening,29.642344046022657,52.37879570543103,32.585484200379625,77.31026010100571,0
ripening,26.543999628193617,65.6752023809548,50.25093969698047,11.626563869620322,0
vegetative,25.814612494784928,82.98962764656423,2.8362934230075076,47.17726396780402,0
ripening,30.232203892780106,36.409673966982716,55.92483000339074,24.334695335509668,0
vegetative,27.886841288592663,82.06986721659482,87.42827749512301,13.756403440411237,0
ripening,29.304318260202486,32.676686436327905,70.47321944166701,51.12419673122063,0
flowering,27.39963810822784,83.06736702893312,62.29683229783043,64.08229005429618,0
seedling,37.52789909753564,82.49164727039178,95.59617507082513,64.24058144576315,0
vegetative,24.135030907929664,33.31547507386913,95.82793338421058,12.120188710913474,0
vegetative,23.548863250853987,70.76544624502078,82.42664697032286,38.486248019011256,0
ripening,27.494267660654657,62.65944983033832,60.7741847385851,13.115673900403435,0
ripening,31.456430413927862,41.038267706161456,48.77645594977067,27.34870528935388,0
ripening,32.546823549600454,39.64463094902942,1.331611324646731,23.501649193056384,1
vegetative,28.356107954688675,80.26184319435652,60.62619062265414,25.062780546951004,0
vegetative,37.988447902754736,66.90002867439486,98.90880753568537,33.738288982417004,0
vegetative,27.63028793908868,93.89494376957461,81.8101050024029,29.419262928519878,0
ripening,33.542506687359236,93.84610552374237,34.06046438843519,77.35959379293188,0
ripening,32.20132311249269,94.52335457517731,15.204702504442203,34.668498400656745,1
flowering,35.00886181195937,37.71000869377478,78.4058614467154,72.59207607050803,0
flowering,37.619610615261124,90.98664890265755,74.39378206317416,22.672917006464758,0
flowering,36.23669850312864,45.897024586336585,96.70467919793231,63.462280703175,0
seedling,34.23299158972334,59.78379688430978,87.48423619393388,14.294187521724993,0
ripening,33.17197564509265,79.23142612841218,55.56626252724074,42.39328606285389,0
ripening,27.367970714814394,43.235360585020075,10.128424696474214,10.385730816486817,0
vegetative,24.36296925130732,66.81025436103144,48.350065838396006,66.72035341486053,0
flowering,23.002176048956954,42.07808863468972,31.369505402231702,76.53402252264488,0
ripening,25.870427267223757,36.807846934284065,51.24084820248398,12.457515957900196,0
vegetative,28.916503698900776,37.576309807923906,30.170157463965317,75.36924530313202,0
ripening,30.351940378079718,53.24653726513422,86.18229919755957,64.1697724043947,0
ripening,34.369336864877944,30.302564394416926,84.43270139828222,35.120310515495675,0
vegetative,37.33985476890549,57.61550487810982,31.546515716705592,73.62135858559637,0
vegetative,23.877127686156975,73.1728118302747,59.958134637399496,30.738008987563067,0
vegetative,23.712066243100665,56.10973202525926,43.01808576390541,38.65067185643334,0
seedling,31.435115568216812,35.57664903378928,90.90927570285632,16.769788353441513,0
flowering,33.92636918315669,34.074776031536636,18.73609014263228,55.98572733301008,0
flowering,35.57040608555176,48.07757332971601,69.77284017849593,12.072058011959031,0
seedling,36.97331328346861,41.00532488533405,97.03753278372166,43.94336926393261,0
vegetative,37.73481987617027,92.73117325916802,17.52755195630902,57.82342951767737,0
vegetative,28.396827075592412,39.829964623315526,20.19664284242032,67.48663206643776,0
seedling,28.08536293644117,82.35505843132478,69.37233386722279,20.49589727351635,0
ripening,24.364938827156358,68.09701621317441,77.91539245249139,62.786325637410215,0
seedling,32.95895101893695,67.00364979897913,49.05490547939328,60.33539164885207,0
seedling,32.5081913350534,63.285246535046,60.968646514712134,49.169937388384895,0
ripening,35.79300153361932,93.16459994740683,21.268240881182876,50.925121845150485,0
flowering,23.55612791660225,53.649910380956456,47.66142285673261,16.388950459974467,0
vegetative,29.96443052520547,81.21452381200196,11.207188087491515,52.03297302682662,0
flowering,31.29731087475301,66.09411698535237,32.14219252756647,36.70655449495826,0
vegetative,25.864912640638693,55.716188395672205,28.477970503095428,70.73065959391529,0
flowering,24.704406498066582,92.10528566487577,44.462536010242005,31.916921721519316,0
seedling,35.75329338271394,68.89053800870465,93.0126362243697,50.36165541544673,0
flowering,22.936558755768942,37.72960123949088,18.12676621478424,39.85999797908361,0
seedling,29.529934462689166,57.14004806479568,40.13882466247205,71.33833567752191,0
vegetative,23.853344020814163,80.80281229930449,61.55972191096447,27.77416668924323,0
vegetative,29.312940181301876,75.0935565105489,94.65570860740017,15.516165221662229,0
vegetative,37.67939722147695,89.56212143937732,13.314819153576817,62.40590046881977,0
seedling,28.779301655287565,46.85952996919882,91.78766169931136,38.90276318358251,0
ripening,35.713998680073075,79.28259156299855,8.105378863406154,51.23688513884041,0
seedling,23.877049026931104,59.89188848064386,48.074139716026444,11.847253219934577,0
ripening,26.340033228189824,67.284633552843,45.45898672304828,76.64768539781814,0
seedling,28.460683850677352,92.07803426540839,20.960272887719555,71.43328641694836,0
seedling,28.39699424014929,93.65361079929653,34.74596681158475,53.67075304040942,0
seedling,32.74213565872245,86.00341265516164,45.41652683483981,11.192088947883263,0
seedling,27.515490038008124,53.34131070246926,86.52114629106292,36.45835317880136,0
vegetative,33.42026989456026,87.70055432227579,95.50641453735598,78.51575764195043,0
ripening,32.22699038760628,71.50959654669185,51.89256786371652,57.69312511181642,0
ripening,28.386578324076368,57.94979073059635,87.00997902944219,21.26915029193934,0
seedling,28.908162042469108,32.32327436253144,60.81715856767794,42.24177240581504,0
ripening,31.83244319696513,80.05832807245284,34.90873419876755,77.67164206904403,0
flowering,23.120675042314314,62.63686274706735,19.419420761346906,47.429572209161535,0
flowering,35.158507813691045,81.10225246522896,41.31347717827648,11.72301696208772,0
vegetative,32.45473857781819,78.62148195731254,52.28242829238477,53.384045899318444,0
vegetative,33.62147943068536,81.58187892314288,4.444338825955619,28.98515716518119,1
vegetative,30.590768017318247,49.542325315289844,14.584116587085072,16.919216631383307,1
flowering,23.767633775867914,82.05190893939601,60.018442398144,38.203591131232514,0
vegetative,28.4805698127512,65.67501135030088,22.50015946771621,49.09661682025714,0
vegetative,28.485977325576897,60.76620302919431,83.73263760812975,11.192850263346191,0
seedling,27.136687840691472,73.8831843983492,32.69422497741906,49.133276604516325,0
vegetative,22.479205198475988,31.38831439099264,10.483420725325088,45.78422027877462,0
flowering,33.796067881543635,36.65059303269362,8.353058855531703,65.5735868169132,0
vegetative,23.75655132900001,48.991528735888934,93.71230205317796,39.6484871770778,0
vegetative,31.70093012872136,93.89435714725957,11.802031124187916,48.74153007689203,0
seedling,33.25147994347545,39.083475626222075,14.090976416206002,61.94065128399884,0
seedling,32.15658116693912,51.48875954934867,86.2666057932753,72.80021102473619,0
vegetative,37.3462760316476,33.31844920497503,25.4288130277344,36.60242032165813,1
vegetative,23.652770481362218,51.53247721902721,66.59514107544162,52.114344704820255,0
flowering,35.874674545683185,50.82120862320406,81.67256870298914,58.62276323914672,0
ripening,22.467043757582612,91.54246611139394,60.718064013019216,13.028947350953732,0
ripening,30.558669678833343,84.93501565472182,95.74885434478495,66.05323559402945,0
vegetative,28.46789788702814,54.87967425078015,70.88828992608414,36.420112965077564,0
ripening,30.386941766300133,31.609988772551162,11.275150990365834,56.916725901052686,0
ripening,27.841598032960157,84.01702240969959,55.84100265458799,43.01648463434643,0
ripening,25.04907063904109,72.93485151439512,71.81865260891838,59.16373998841951,0
flowering,22.30596635917904,39.903691437335134,80.19572403734452,60.70316854650453,0
flowering,30.290397020658787,94.74463261566217,2.632133528409153,23.409970944052713,1
vegetative,35.48442980295748,36.515173432568,71.88789152714244,56.35219640005153,0
flowering,27.971455291916705,86.3624452035881,82.56808210194495,69.59264065174611,0
ripening,25.565821088239684,49.12730066842978,74.68338109353564,26.489704035348236,0
flowering,23.288512055549504,58.297975311135204,51.234914565559805,63.07284289257145,0
seedling,23.364974769899256,81.70467424046045,45.802096308880294,54.36775792086565,0
ripening,25.542343140684356,74.03804313961066,54.941858329981585,76.85882241307947,0
ripening,23.600224974744883,90.96118433886255,70.46436988266021,28.217260410423258,0
vegetative,26.240635173831713,70.37412115492491,92.29142906324854,20.79944443606025,0
vegetative,23.058391393871275,36.35766049613843,61.7035210641125,31.848471069718993,0
vegetative,23.04967787535881,87.48342361072677,88.78343062834696,28.05711447385431,0
flowering,35.70041887396451,79.99510912425842,70.12568474457274,62.978293233145905,0
vegetative,24.59392417134133,76.27157930806592,6.833637743884758,61.31765126927588,0
vegetative,30.954918493175168,33.4926805779928,50.08281900016218,56.87794305987337,0
vegetative,34.37528871118449,55.754478403013366,28.648634831524234,25.146538012094148,1
flowering,29.302553045425064,40.88332826487005,28.517492813257228,70.32647652073628,0
seedling,24.45390204574953,83.42375404651148,35.592755121598415,76.96000891012494,0
ripening,25.19353827392183,75.53436048316108,31.473277200047576,47.212407267605116,0
vegetative,28.927747300498893,87.4000438257438,57.860998011710016,55.456091144057005,0
seedling,30.451745426856572,92.82738195007065,68.3601500353557,45.04844693143935,0
ripening,27.591044672776558,80.35859492251241,26.874938707673547,29.849040057182272,0
vegetative,34.50367360375458,94.62515040934953,12.976262256838133,30.030332279762295,1
vegetative,34.01634638170238,69.96004259937942,5.88087209344621,31.939436591443922,1
flowering,36.83538891796989,32.41342425294411,57.57528450305522,23.35950029149078,0
seedling,22.46324078443137,30.926348484769232,18.61301663330024,73.13465428405223,0
flowering,36.33106065936325,52.23675188824627,0.9247994223699374,70.08786938326801,0
ripening,28.281100615394415,83.5256617393899,92.77530793237041,42.31475529231857,0
seedling,36.053959926079905,86.29875591110752,53.71404190832406,35.70759887921193,0
flowering,33.05255641850447,92.45281437347407,9.244818024697278,75.73548495829691,0
seedling,37.79758011318349,34.232895455673194,84.29211121274854,25.566142846296707,0
flowering,34.14851922746669,32.89712221419816,98.32027382901181,48.747937162676116,0
seedling,27.832714015948586,89.36343376385719,44.86006620177172,13.814870887951384,0
seedling,30.017010765356034,49.828035393586006,4.248960823815818,23.38415379122143,1
ripening,28.02222648310962,66.26918103962612,11.75459407560635,52.28188533516568,0
ripening,27.83858937633981,93.85891739504615,38.165374664543215,56.352855699091876,0
ripening,26.174471990096954,56.029154757835016,88.55226374488771,50.66970730712678,0
seedling,29.93552472597551,73.28164089013958,14.803867927776205,70.87209911995029,0
seedling,32.90783912110978,56.05717163607905,82.39900940026955,79.53836545759229,0
ripening,26.437444340883896,79.93265319008069,1.4976260219019433,63.47032895070378,0
vegetative,30.39007697723552,64.30145716223628,45.7388698785811,42.55642489006312,0
ripening,23.878084706728913,45.43900396911273,64.43971409505681,68.37542686178719,0
flowering,24.55752458966706,47.634896581800305,6.03794820255964,18.427117591620114,0
ripening,22.748901675395018,46.77384881499647,61.476275061648664,57.82894875121508,0
seedling,37.531703084330125,64.60082133680646,94.44041214695561,46.28364512174038,0
ripening,22.061765624164178,75.70728604101818,16.025992013659508,22.464612037900288,0
seedling,24.8572794889225,91.70319350280424,72.96113830353528,78.10535320961498,0
ripening,31.805868049871876,75.11567938039369,60.90938979435434,33.69061938451233,0
ripening,23.301913581652883,80.7775348575554,18.511638887923056,53.07963841743684,0
vegetative,36.11034404954932,40.980197531196765,0.6203414709366029,71.50159662674665,0
flowering,33.51392252547661,54.31407062547617,0.9284450505927078,45.46821907403744,0
vegetative,37.46223954300629,56.895714290787296,53.20924091720286,18.05964951235023,0
seedling,30.122168755852236,74.61471495003074,94.27794095611935,67.3117359043103,0
seedling,26.806458930535797,49.23297846449678,64.42986274656124,34.724963694116035,0
ripening,30.79200916472434,49.7139748922783,71.42998462937436,78.81468082242871,0
seedling,36.893099476767574,53.13279505165643,49.38654869205371,71.86778125111906,0
ripening,30.33218299586977,82.66963530031009,58.18889426345698,69.741453334427,0
seedling,26.275312509797097,67.54335585281767,12.636752533060347,34.93772242765296,0
seedling,36.038380626785916,34.89302318912774,87.68206204006307,62.9990844466346,0
vegetative,27.95069997619938,35.08599647988047,76.07926286668018,79.04303441011122,0
seedling,22.022133599983988,54.13365137836246,99.81989528446096,46.842512836593194,0
flowering,25.962960359877055,79.82841828940029,29.772294755562136,42.95125084686621,0
flowering,27.091736146833,74.76442272111424,22.701777179605788,11.026607468044956,0
flowering,35.74043949171043,76.01885305232713,12.516165796134294,59.01426381144554,0
seedling,29.33605067306312,79.8686542935163,96.42097566160447,70.09342980212978,0
seedling,29.113396604980814,48.664926337611405,78.08851846280236,27.322003025728097,0
flowering,27.377636262398198,65.63665832623572,16.63246137196387,32.05172039802598,0
seedling,36.090849968753275,65.31792162059003,55.26864711082139,45.047391492830954,0
flowering,37.120428431046264,78.0761125766967,41.37682080672768,15.045611015306179,0
ripening,37.87024526647407,92.19658699186701,15.148600780619281,16.27497332691159,1
flowering,28.027860271375786,48.06934641170528,16.207298502996547,39.47775312216565,1
ripening,37.458359130034744,81.56330872920813,96.34699947451857,28.285326689239515,0
ripening,34.67007311409442,72.89808565401205,30.49641829577222,38.422611177293795,0
seedling,32.81102636230827,67.7154616061249,94.14392916839432,41.80704086699566,0
vegetative,25.91823167072159,80.36718565758113,7.5610673065084395,78.33913777173827,0
vegetative,25.46331617510736,91.36211031782645,46.080304229319054,76.09818740719861,0
vegetative,24.656765192339932,32.384942161511844,12.96190485167601,19.781110607783624,0
seedling,36.76410576360585,39.58100666335935,0.47873852411721707,71.78101816125725,0
seedling,26.705226598130658,79.15867004757253,55.37660737060766,15.6144663631055,0
ripening,29.249507927182055,35.446437939155494,11.389410481136341,45.534482880242784,0
ripening,29.903325343795576,63.548040548171045,72.20245309336796,21.473693007683575,0
vegetative,34.45074552720406,44.290950481704456,69.81163757068995,35.61245017498538,0
ripening,35.507759384848384,47.82922074977884,17.633290746448914,62.033815795406525,0
seedling,24.225163218377805,75.61963139138706,94.17421432655166,39.715383554979496,0
ripening,28.83046976337718,31.962530262466256,72.10434084324896,66.48659012999336,0
seedling,35.485678205367314,86.76576281362374,29.797026415692997,60.31709977262793,0
vegetative,35.08853289209341,58.891132097897554,70.92337639507906,75.99876123477114,0
flowering,23.63862013523866,62.655564103961574,73.1930277681536,47.390921441011415,0
flowering,24.502133581887406,65.10311764008998,34.22263312509606,66.15035677914567,0
seedling,26.867179065590527,71.96037914766711,37.55885624614592,32.60349744359363,0
flowering,23.205745105333445,52.415678130478625,35.91065076533001,34.20220915629052,0
vegetative,28.794608045449486,36.57198688662694,61.66184435520741,38.03573245070538,0
ripening,23.72188328239331,50.69463088330147,90.04101465401794,38.76410140086623,0
ripening,31.09148149871752,40.92923767148332,17.31932362285876,17.227725446618216,1
ripening,25.944911036978496,66.14865666428081,87.51996098363183,46.33692575323045,0
vegetative,31.542929045593965,50.671861012425126,2.76531565053425,16.77622534883179,1
flowering,23.8804102864582,92.27436656957326,66.03385959782224,72.28334950738349,0
vegetative,37.61414189469653,92.77272806871824,41.443887318969416,14.329134825630518,0
flowering,36.92097926171745,70.30818223693569,79.12815522324938,41.47861012165161,0
ripening,28.268751017034653,70.13732239837358,72.1198112930903,29.928584647330133,0
flowering,25.874857506017367,94.04960669686189,48.0107807145184,20.840859095813535,0
vegetative,26.006371405657163,87.6734048302871,64.38640367225968,64.86856835895486,0
flowering,29.734296563238274,79.7295466952791,50.177313069994526,60.0452679243668,0
ripening,22.63988483041147,50.383389763275574,81.15184706218832,20.216352312705915,0
ripening,32.23528169720203,53.760036827674966,47.6083985968232,54.29359487744171,0
seedling,28.532846533435915,43.08233977445625,52.31559899920758,65.47886171313122,0
seedling,28.038505161422197,61.66462824962935,25.052058641717856,64.13325542589209,0
flowering,34.949839543827174,94.37395393907268,60.50430168104724,16.45957183643531,0
vegetative,33.34456736293264,89.28981194575327,30.290480866983504,57.98589033320434,0
ripening,37.269341046283074,37.69271321126549,57.72840145429821,60.12167446185039,0
vegetative,27.63097984793105,31.6373688038829,16.967811557406986,70.35163869294192,0
flowering,36.36068423439049,88.41144844653729,15.94690923411588,45.563103720549066,0
flowering,34.319474980001424,64.91605831666598,41.702974119199354,42.27658002123501,0
vegetative,27.71879442551541,43.01234273354965,42.68195151105408,77.5581427443629,0
seedling,31.946646983252123,73.7874625230013,26.810926491253905,65.75585790171274,0
flowering,26.61711932242713,71.8745065654383,13.159685036669,49.11116935645423,0
ripening,35.990398673197475,37.93556444437037,3.9210539213897055,33.143194991789564,1
seedling,23.798837075396982,46.87401517734527,2.5231827287816144,69.16665972024575,0
flowering,25.398949780704655,33.90506768036177,27.155029000647566,41.88054726250833,0
seedling,24.92853267327874,43.64093080155923,46.18534421619371,16.487963451071245,0
ripening,28.44841603846862,38.59986886544909,72.6243281306127,41.843299089940786,0
flowering,33.923727360514064,42.56035901084614,47.4871700714009,71.03778773051025,0
vegetative,30.430519184834885,74.5553644843526,90.40508194352817,41.379750282611184,0
flowering,29.80282117661132,33.217483376969405,3.5219804575407077,11.004440341824509,1
vegetative,22.00873543835193,36.62054999113407,18.066062154063435,52.803972674152874,0
seedling,28.806427605680874,38.7212864750887,33.85144927701427,79.70810023879791,0
vegetative,23.016860397378537,50.57517286227871,57.749618806512245,67.20740088283583,0
vegetative,25.33205203394374,49.41877020537616,85.27361578939424,53.206656263270354,0
flowering,36.91830302336791,46.57914604558157,35.02019519565764,74.00792207585195,0
flowering,25.446371269491813,78.78488247310706,26.79886825044201,66.95071771557434,0
ripening,35.7334022181482,94.87148120427653,6.188916884289575,44.90475469180283,0
seedling,34.84629394498135,64.70856503587173,82.13034776981041,51.38541997851673,0
vegetative,24.546339791075887,91.37317666440623,37.966644320667896,61.19049664421139,0
seedling,31.691391316324463,55.7796572881942,57.15501954169343,69.24983147852053,0
ripening,23.850589950480213,36.934359042176375,98.35554181712205,14.072348166369798,0
seedling,33.64621053391218,56.570298915539425,0.15945706042945762,64.23627000128057,0
seedling,32.19939643795531,49.24830527195506,14.545014069886598,41.32524079847414,0
flowering,34.99101698705631,62.07145254879658,77.91109940193554,56.25589922110785,0
seedling,29.670152790227007,72.70783899956751,80.51274852078379,63.5243107671195,0
ripening,36.637809405334124,59.968264244906536,76.92471190327555,47.76513475192138,0
vegetative,22.789583148615037,90.78543328505867,53.699889104282924,21.096039540627935,0
seedling,26.686217040432233,87.5097134494597,97.88569810230561,38.666878206278625,0
ripening,33.440841559442674,75.62854368580281,39.61845599953205,15.381109562666584,0
flowering,28.689747387968012,61.82951930369569,60.19436981131123,58.25104838086847,0
vegetative,24.7672216683385,38.5596733179397,6.33690045488483,76.75943273741584,0
ripening,23.715371926856736,55.80588834054617,40.98574499073388,65.6676968556931,0
seedling,35.07742578338594,75.7861000610763,72.2500087509922,37.285049595098315,0
vegetative,29.570287655450308,48.51755883599253,23.873884077069928,50.90040472038461,0
flowering,36.116538750705715,36.75922504032233,94.38275890731485,31.29404730928084,0
seedling,33.73262614906761,89.01339973819083,68.6783367643289,47.87319196884755,0
seedling,28.555619290091897,76.08830263801039,28.757538285757146,31.050883404924818,1
seedling,27.97617622649094,69.99296773128131,76.89989227058564,61.682732975902695,0
flowering,30.250213546420028,81.51242886457958,8.31647718081091,28.153905559091783,1
vegetative,36.224959251035656,84.31699244292591,97.47744225104566,77.48142733037261,0
ripening,33.79645727542669,61.42483488111652,4.928525907355851,56.3364112521472,0
seedling,22.08244742830437,87.2772363416136,93.34558911487183,14.814449337869064,0
seedling,33.10652562190601,89.56723569557185,25.28538777482612,10.75444344539852,1
seedling,36.71211851049313,47.650821202610786,75.78241076908905,79.79324409435704,0
seedling,33.36729215207187,69.49044838640162,0.007369943310608917,25.43539047510555,1
vegetative,24.832092505079935,64.22796187333049,25.424008917959974,31.87939239200243,0
ripening,29.73629003883934,64.96647564487367,74.910060664972,24.588980994147583,0
flowering,24.245056286774712,90.94810110769653,53.233607089732224,74.96712407298276,0
flowering,27.74392445343411,49.837265675046886,11.495214963711486,55.64090017680299,0
vegetative,36.99387267104828,93.92320858524747,39.36297458372753,45.307042648927755,0
seedling,36.77288492093933,88.63852896227509,37.55493550845426,49.03555701447993,0
vegetative,26.525389634817326,59.81698775987767,56.81622441809498,32.25109931094311,0
vegetative,27.434096706659187,83.1344621351808,66.79770724602177,52.992250165468896,0
vegetative,31.603405890100703,79.98805463080913,84.083024241225,39.37202544184523,0
ripening,37.41115672416608,74.06317302520388,49.72313969773726,23.945970249692543,0
ripening,24.364821345046245,50.78920280990503,39.20217173051701,55.962356979691705,0
vegetative,26.110666298986708,42.769314468362005,14.397653409538169,36.16883984814484,0
vegetative,35.97690923665235,73.64930028977429,80.48229649897223,64.9546465382013,0
ripening,29.870275707333512,84.79326426607048,71.33704054145599,39.07764702566689,0
vegetative,36.38337747563251,31.05643126402903,40.86773974546853,45.57899625323375,0
ripening,24.96828636037082,71.78221939505329,51.84323099426694,65.12265354266273,0
ripening,30.52269739954177,58.786746600443806,66.51828444118888,41.35146650438118,0
flowering,27.220314122389958,88.37570408325394,16.480558984753777,77.63547945869152,0
flowering,27.064680958279617,50.89574050552334,2.719779440792025,65.51200670365782,0
ripening,29.150031423139186,60.822012797135415,31.750369918668543,67.8501283720485,0
vegetative,28.929239185620297,63.45986176228711,59.55850196361631,76.77443266926093,0
vegetative,27.71755007484727,39.12856888911844,48.66060912814587,37.21954401902452,0
vegetative,36.6395323250499,76.3379996754289,69.25546268631271,50.60561849275196,0
flowering,33.70790696692629,83.98096243286237,81.96898055745352,58.55142185569225,0
seedling,33.64075186130447,33.76410299825692,48.84424667302759,57.14209384784415,0
ripening,26.63861519347129,48.94027333489868,13.426702371782484,76.70557561927137,0
seedling,31.243350789069446,32.47290429977876,85.06279997989658,30.184404371483417,0
seedling,34.466870932829345,92.17536680473575,57.49903272741144,30.395307003819436,0
vegetative,34.72944589669141,73.36597334574853,73.99374807828707,74.26030814274027,0
seedling,27.512487372068996,92.6730272645608,70.46646536082916,65.95139492085917,0
vegetative,34.33396410509837,64.547128091535,96.82117713312417,24.234963684871843,0
seedling,33.774302348923726,82.13445405321491,29.530732233581393,49.90328146649374,0
ripening,24.264103769950403,54.3369089521831,70.5306772779262,62.20346138674298,0
flowering,35.855127497063634,52.99823711722166,36.56763331259183,34.71254733132564,0
flowering,29.061143522886574,54.587408111833625,39.54107209186417,40.4067575854973,0
vegetative,29.78256718221865,72.76103869221782,23.059463665872148,50.27776281626251,0
seedling,29.173906862367957,53.36445481640739,34.40101756508539,42.69759902837474,0
seedling,31.08553602364012,88.52388435427466,94.82967516582632,62.7129673048323,0
seedling,31.938707957872875,93.9128662282601,29.257084694760096,10.41571275781488,1
seedling,29.970873052207097,31.977723496905384,24.599060595658674,40.42427670737354,0
seedling,35.86861669214553,42.585513876162274,58.3137978473822,33.63069627302101,0
ripening,32.04375609912455,37.29624951818009,25.80359567417546,52.64148369808788,0
flowering,28.42284718888832,32.753663060943815,47.3385725594295,64.31709093169518,0
vegetative,28.667068110539375,44.80316456757362,83.4176256556237,15.330161354107116,0
